关键词,语言,承接URL,本轮动作,优先级,GSC点击,GSC展示,GSC平均排名,GSC口径,工具箱月搜索量显示值,工具箱国家,工具箱预筛难度,证据,实施状态
valorant aim code,en,https://aimcodes.com/en/,保留 aim code 并明确预览复制任务,P0,3,425,6.79,2026-09-28导出；过去3个月；Web；1000行截断,,,,GSC,已纳入页面修改，发布状态见报告
aim codes,en,https://aimcodes.com/en/,保留 aim code 并明确预览复制任务,P0,11,22,3.77,2026-09-28导出；过去3个月；Web；1000行截断,,,,GSC,已纳入页面修改，发布状态见报告
aim code valorant,en,https://aimcodes.com/en/,保留 aim code 并明确预览复制任务,P0,0,42,6.76,2026-09-28导出；过去3个月；Web；1000行截断,,,,GSC,已纳入页面修改，发布状态见报告
valorant crosshair codes,en,https://aimcodes.com/en/,保留 aim code 并明确预览复制任务,P0,0,169,57.15,2026-09-28导出；过去3个月；Web；1000行截断,8100,US,9,GSC + 工具箱长尾,已纳入页面修改，发布状态见报告
dot crosshair valorant,en,https://aimcodes.com/en/dot-crosshairs/,白点、纯点与点状短十字的实际参数对比,P0,7,667,9.2,2026-09-28导出；过去3个月；Web；1000行截断,1900,US,9,GSC + 工具箱长尾,已纳入页面修改，发布状态见报告
valorant dot crosshair,en,https://aimcodes.com/en/dot-crosshairs/,白点、纯点与点状短十字的实际参数对比,P0,7,394,9.01,2026-09-28导出；过去3个月；Web；1000行截断,880,US,3,GSC + 工具箱长尾,已纳入页面修改，发布状态见报告
dot crosshair valorant code,en,https://aimcodes.com/en/dot-crosshairs/,白点、纯点与点状短十字的实际参数对比,P0,3,256,7.79,2026-09-28导出；过去3个月；Web；1000行截断,,,,GSC,已纳入页面修改，发布状态见报告
valorant dot crosshair code,en,https://aimcodes.com/en/dot-crosshairs/,白点、纯点与点状短十字的实际参数对比,P0,1,200,8.57,2026-09-28导出；过去3个月；Web；1000行截断,260,US,2,GSC + 工具箱长尾,已纳入页面修改，发布状态见报告
small dot crosshair valorant,en,https://aimcodes.com/en/dot-crosshairs/,白点、纯点与点状短十字的实际参数对比,P0,3,168,8.11,2026-09-28导出；过去3个月；Web；1000行截断,,,,GSC,已纳入页面修改，发布状态见报告
very small dot crosshair valorant,en,https://aimcodes.com/en/dot-crosshairs/,白点、纯点与点状短十字的实际参数对比,P0,4,59,7.68,2026-09-28导出；过去3个月；Web；1000行截断,,,,GSC,已纳入页面修改，发布状态见报告
white dot crosshair valorant,en,https://aimcodes.com/en/dot-crosshairs/,白点、纯点与点状短十字的实际参数对比,P0,0,32,11.34,2026-09-28导出；过去3个月；Web；1000行截断,,,,GSC,已纳入页面修改，发布状态见报告
tiny dot crosshair valorant,en,https://aimcodes.com/en/dot-crosshairs/,白点、纯点与点状短十字的实际参数对比,P0,3,33,12.48,2026-09-28导出；过去3个月；Web；1000行截断,,,,GSC,已纳入页面修改，发布状态见报告
small crosshair valorant,en,https://aimcodes.com/en/small-crosshairs/,小十字长度、粗细、间隙示例及款式直达,P0,1,165,9.06,2026-09-28导出；过去3个月；Web；1000行截断,,,,GSC,已纳入页面修改，发布状态见报告
valorant small crosshair,en,https://aimcodes.com/en/small-crosshairs/,小十字长度、粗细、间隙示例及款式直达,P0,2,81,9.78,2026-09-28导出；过去3个月；Web；1000行截断,,,,GSC,已纳入页面修改，发布状态见报告
small cross crosshair valorant,en,https://aimcodes.com/en/small-crosshairs/,小十字长度、粗细、间隙示例及款式直达,P0,1,79,8.2,2026-09-28导出；过去3个月；Web；1000行截断,,,,GSC,已纳入页面修改，发布状态见报告
smallest crosshair valorant,en,https://aimcodes.com/en/small-crosshairs/,小十字长度、粗细、间隙示例及款式直达,P0,3,61,11.15,2026-09-28导出；过去3个月；Web；1000行截断,,,,GSC,已纳入页面修改，发布状态见报告
tiny crosshair valorant,en,https://aimcodes.com/en/small-crosshairs/,小十字长度、粗细、间隙示例及款式直达,P0,1,44,8.89,2026-09-28导出；过去3个月；Web；1000行截断,,,,GSC,已纳入页面修改，发布状态见报告
small crosshair valorant code,en,https://aimcodes.com/en/small-crosshairs/,小十字长度、粗细、间隙示例及款式直达,P0,1,12,14.58,2026-09-28导出；过去3个月；Web；1000行截断,,,,GSC,已纳入页面修改，发布状态见报告
valorant small crosshairs,en,https://aimcodes.com/en/small-crosshairs/,小十字长度、粗细、间隙示例及款式直达,P0,5,45,8.36,2026-09-28导出；过去3个月；Web；1000行截断,,,,GSC,已纳入页面修改，发布状态见报告
plus crosshair valorant,en,https://aimcodes.com/en/plus-crosshairs/,闭合与留空加号的代码参数对比,P0,0,121,9.29,2026-09-28导出；过去3个月；Web；1000行截断,,,,GSC,已纳入页面修改，发布状态见报告
valorant plus crosshair,en,https://aimcodes.com/en/plus-crosshairs/,闭合与留空加号的代码参数对比,P0,1,54,8.46,2026-09-28导出；过去3个月；Web；1000行截断,,,,GSC,已纳入页面修改，发布状态见报告
plus crosshair,en,https://aimcodes.com/en/plus-crosshairs/,闭合与留空加号的代码参数对比,P0,0,20,18.35,2026-09-28导出；过去3个月；Web；1000行截断,,,,GSC,已纳入页面修改，发布状态见报告
funny crosshair valorant,en,https://aimcodes.com/en/funny-crosshairs/,保留有效标题、可见代码和 meme 意图回答,P0,53,286,5.07,2026-09-28导出；过去3个月；Web；1000行截断,,,,GSC,已纳入页面修改，发布状态见报告
valorant funny crosshair,en,https://aimcodes.com/en/funny-crosshairs/,保留有效标题、可见代码和 meme 意图回答,P0,33,191,5.25,2026-09-28导出；过去3个月；Web；1000行截断,,,,GSC,已纳入页面修改，发布状态见报告
funny valorant crosshairs,en,https://aimcodes.com/en/funny-crosshairs/,保留有效标题、可见代码和 meme 意图回答,P0,18,91,9.19,2026-09-28导出；过去3个月；Web；1000行截断,,,,GSC,已纳入页面修改，发布状态见报告
funny valorant crosshair,en,https://aimcodes.com/en/funny-crosshairs/,保留有效标题、可见代码和 meme 意图回答,P0,8,86,9.15,2026-09-28导出；过去3个月；Web；1000行截断,390,US,0,GSC + 工具箱长尾,已纳入页面修改，发布状态见报告
valorant crosshair funny,en,https://aimcodes.com/en/funny-crosshairs/,保留有效标题、可见代码和 meme 意图回答,P0,13,59,4.92,2026-09-28导出；过去3个月；Web；1000行截断,,,,GSC,已纳入页面修改，发布状态见报告
cat crosshair valorant,en,https://aimcodes.com/en/cute-crosshairs/,猫、兔、心形个别代码直达及换色说明,P0,0,18,20.83,2026-09-28导出；过去3个月；Web；1000行截断,170,US,0,GSC + 工具箱长尾,已纳入页面修改，发布状态见报告
bunny crosshair valorant,en,https://aimcodes.com/en/cute-crosshairs/,猫、兔、心形个别代码直达及换色说明,P0,1,15,11.13,2026-09-28导出；过去3个月；Web；1000行截断,,,,GSC,已纳入页面修改，发布状态见报告
heart crosshair valorant,en,https://aimcodes.com/en/cute-crosshairs/,猫、兔、心形个别代码直达及换色说明,P1,,,,导出内无精确匹配；不代表零曝光,210,US,0,工具箱长尾,已纳入页面修改，发布状态见报告
cute valorant crosshair,en,https://aimcodes.com/en/cute-crosshairs/,猫、兔、心形个别代码直达及换色说明,P0,0,16,13,2026-09-28导出；过去3个月；Web；1000行截断,170,US,2,GSC + 工具箱长尾,已纳入页面修改，发布状态见报告
shooting error valorant,en,https://aimcodes.com/en/valorant-firing-error-crosshair/,区分误差图表和准星反馈，补官方资料,P0,0,173,8.14,2026-09-28导出；过去3个月；Web；1000行截断,,,,GSC,已纳入页面修改，发布状态见报告
valorant shooting error,en,https://aimcodes.com/en/valorant-firing-error-crosshair/,区分误差图表和准星反馈，补官方资料,P0,1,75,7.28,2026-09-28导出；过去3个月；Web；1000行截断,,,,GSC,已纳入页面修改，发布状态见报告
what is firing error in valorant,en,https://aimcodes.com/en/valorant-firing-error-crosshair/,区分误差图表和准星反馈，补官方资料,P0,0,64,5.75,2026-09-28导出；过去3个月；Web；1000行截断,,,,GSC,已纳入页面修改，发布状态见报告
what is shooting error in valorant,en,https://aimcodes.com/en/valorant-firing-error-crosshair/,区分误差图表和准星反馈，补官方资料,P0,0,37,7.65,2026-09-28导出；过去3个月；Web；1000行截断,,,,GSC,已纳入页面修改，发布状态见报告
how to copy crosshair in valorant,en,https://aimcodes.com/en/how-to-copy-crosshair-in-valorant/,观战命令和网站代码输入的分流,P0,0,16,43.25,2026-09-28导出；过去3个月；Web；1000行截断,1300,US,0,GSC + 工具箱长尾,已纳入页面修改，发布状态见报告
copy crosshair valorant,en,https://aimcodes.com/en/how-to-copy-crosshair-in-valorant/,观战命令和网站代码输入的分流,P0,0,16,27.5,2026-09-28导出；过去3个月；Web；1000行截断,260,US,0,GSC + 工具箱长尾,已纳入页面修改，发布状态见报告
how to copy teammate crosshair valorant,en,https://aimcodes.com/en/how-to-copy-crosshair-in-valorant/,观战命令和网站代码输入的分流,P0,0,43,8.88,2026-09-28导出；过去3个月；Web；1000行截断,,,,GSC,已纳入页面修改，发布状态见报告
crosshair copy command valorant,en,https://aimcodes.com/en/how-to-copy-crosshair-in-valorant/,观战命令和网站代码输入的分流,P0,0,22,7.18,2026-09-28导出；过去3个月；Web；1000行截断,,,,GSC,已纳入页面修改，发布状态见报告
how to copy someone's crosshair in valorant,en,https://aimcodes.com/en/how-to-copy-crosshair-in-valorant/,观战命令和网站代码输入的分流,P0,0,3,21.67,2026-09-28导出；过去3个月；Web；1000行截断,170,US,0,GSC + 工具箱长尾,已纳入页面修改，发布状态见报告
valorant クロスヘア かわいい,ja,https://aimcodes.com/ja/cute-crosshairs/,猫、うさぎ、ハート直达与日语专属问答,P0,6,84,8.48,2026-09-28导出；过去3个月；Web；1000行截断,390,JP,0,GSC + 工具箱长尾,已纳入页面修改，发布状态见报告
valorant クロスヘア うさぎ,ja,https://aimcodes.com/ja/cute-crosshairs/,猫、うさぎ、ハート直达与日语专属问答,P0,12,18,2.72,2026-09-28导出；过去3个月；Web；1000行截断,,,,GSC,已纳入页面修改，发布状态见报告
valorant クロスヘア ハート,ja,https://aimcodes.com/ja/cute-crosshairs/,猫、うさぎ、ハート直达与日语专属问答,P0,3,8,7.25,2026-09-28导出；过去3个月；Web；1000行截断,,,,GSC,已纳入页面修改，发布状态见报告
valorant クロスヘア 猫,ja,https://aimcodes.com/ja/cute-crosshairs/,猫、うさぎ、ハート直达与日语专属问答,P0,1,2,17,2026-09-28导出；过去3个月；Web；1000行截断,140,JP,—,GSC + 工具箱长尾,已纳入页面修改，发布状态见报告
valorant クロスヘア ネタ,ja,https://aimcodes.com/ja/funny-crosshairs/,ネタ代码获取、导入与款式选择,P0,4,56,8.84,2026-09-28导出；过去3个月；Web；1000行截断,1000,JP,0,GSC + 工具箱长尾,已纳入页面修改，发布状态见报告
valorant クロスヘア ネタ コード,ja,https://aimcodes.com/ja/funny-crosshairs/,ネタ代码获取、导入与款式选择,P0,4,22,8.45,2026-09-28导出；过去3个月；Web；1000行截断,,,,GSC,已纳入页面修改，发布状态见报告
valorant クロスヘア コピー コマンド,ja,https://aimcodes.com/ja/how-to-copy-crosshair-in-valorant/,观战复制命令、粘贴字段和保存排查,P0,0,26,9.73,2026-09-28导出；过去3个月；Web；1000行截断,,,,GSC,已纳入页面修改，发布状态见报告
味方のクロスヘア コピー,ja,https://aimcodes.com/ja/how-to-copy-crosshair-in-valorant/,观战复制命令、粘贴字段和保存排查,P0,0,21,8.81,2026-09-28导出；过去3个月；Web；1000行截断,,,,GSC,已纳入页面修改，发布状态见报告
valorant クロスヘア コード 入力,ja,https://aimcodes.com/ja/how-to-copy-crosshair-in-valorant/,观战复制命令、粘贴字段和保存排查,P0,1,1,15,2026-09-28导出；过去3个月；Web；1000行截断,,,,GSC,已纳入页面修改，发布状态见报告
valorant クロスヘア インポート できない,ja,https://aimcodes.com/ja/valorant-crosshair-code-not-working/,拒绝代码、无法保存、导入后不可见分步排查,P0,0,15,9.13,2026-09-28导出；过去3个月；Web；1000行截断,,,,GSC,已纳入页面修改，发布状态见报告
